,image_name,segment_id,snr_type,target,predictions
0,track_640_0.png,2820,LowSNR,0,0.03187200427055359
1,track_640_1.png,2821,LowSNR,0,0.0009333789348602295
2,track_640_2.png,2822,LowSNR,0,0.00191497802734375
3,track_640_3.png,2823,LowSNR,0,0.0014538466930389404
4,track_640_4.png,2824,LowSNR,0,0.008827805519104004
5,track_640_5.png,2825,LowSNR,0,0.05089378356933594
6,track_640_6.png,2826,LowSNR,0,0.22975388169288635
7,track_640_7.png,2827,LowSNR,0,0.17939776182174683
8,track_640_8.png,2828,LowSNR,0,0.020922690629959106
