,image_name,segment_id,snr_type,target,predictions
0,track_971_0.png,3961,LowSNR,0,0.029518961906433105
1,track_971_1.png,3962,LowSNR,0,0.008421480655670166
2,track_971_2.png,3963,LowSNR,0,0.02559506893157959
3,track_971_3.png,3964,LowSNR,0,0.08456847071647644
4,track_971_4.png,3965,LowSNR,0,0.9089035987854004
5,track_971_5.png,3966,LowSNR,0,0.0009436905384063721
6,track_971_6.png,3967,LowSNR,0,0.010436385869979858
