,image_name,segment_id,snr_type,target,predictions
0,track_129_0.png,1764,LowSNR,0,0.009819984436035156
1,track_129_1.png,1765,LowSNR,0,4.55214103567414e-05
2,track_129_2.png,1766,LowSNR,0,0.0008613467216491699
3,track_129_3.png,1767,LowSNR,0,0.0011927783489227295
4,track_129_4.png,1768,LowSNR,0,0.0007399022579193115
5,track_129_5.png,1769,LowSNR,0,0.005700290203094482
